,product,year,anomaly_score,normalized_anomaly_score,num_edges
0,854060,2022,0.0071963626,-0.020643909,397
1,854060,2019,0.020499136,-0.021427257,390
2,854060,2017,0.01183489,-0.022548467,434
3,854060,2020,0.012519349,-0.021210086,358
4,854060,2018,0.018060924,-0.02191959,418
5,854060,2021,0.012343672,-0.020877412,384
6,854091,2022,0.043703414,-0.065336436,443
7,854091,2019,0.035666585,-0.059032105,481
8,854091,2017,0.038280908,-0.061675437,454
9,854091,2020,0.025483472,-0.058598116,417
10,854091,2018,0.032845125,-0.060778957,430
11,854091,2021,0.041231457,-0.056562893,415
12,854129,2022,3.9201462,0.050070565,4133
13,854129,2019,2.2135592,0.026892388,3982
14,854129,2017,1.9228914,0.021654889,3978
15,854129,2020,2.8028157,0.038513876,3903
16,854129,2018,2.1934397,0.02708994,4050
17,854129,2021,3.9995995,0.059382614,4081
18,854121,2022,1.3080106,0.0077549857,2662
19,854121,2019,1.3634759,0.008788138,2421
20,854121,2017,1.3013259,0.006844254,2475
21,854121,2020,1.5596203,0.014039016,2363
22,854121,2018,1.313159,0.007406151,2485
23,854121,2021,1.3613002,0.009260855,2577
24,854130,2022,2.3973935,0.043924857,2945
25,854130,2019,1.4372698,0.013927323,2914
26,854130,2017,0.64000475,-0.010882279,2793
27,854130,2020,0.49608025,-0.015584871,2838
28,854130,2018,0.8068349,-0.0057716537,2866
29,854130,2021,1.0260899,0.001032996,2876
30,854071,2022,0.6679226,-0.014763604,1673
31,854071,2019,0.71026146,-0.012806778,1657
32,854071,2017,0.68886524,-0.013781265,1482
33,854071,2020,0.70266825,-0.013094808,1618
34,854071,2018,0.6275937,-0.016523454,1530
35,854071,2021,0.8350234,-0.0068884143,1669
36,852313,2022,1.0577366,0.001804313,3675
37,852313,2019,1.3383218,0.010204926,4038
38,852313,2017,1.6789856,0.019986326,3876
39,852313,2020,1.6400387,0.019369816,3889
40,852313,2018,1.365556,0.01077048,4042
41,852313,2021,1.7779095,0.022590484,3871
42,852390,2022,4.133011,0.06092259,9357
43,852390,2019,1.8227661,0.021913806,8895
44,852390,2017,1.4612912,0.011613347,9062
45,852390,2020,4.129864,0.08278129,8576
46,852390,2018,1.838883,0.021285962,9055
47,852390,2021,4.879663,0.08506482,8993
48,853720,2022,1.3605111,0.025188435,4422
49,853720,2019,1.2493737,0.018276123,4665
50,853720,2017,0.972604,-0.00083220826,4653
51,853720,2020,1.010654,0.0021530583,4480
52,853720,2018,0.8428348,-0.009877763,4637
53,853720,2021,1.3629076,0.026135903,4538
54,853530,2022,1.3947933,0.012339997,3600
55,853530,2019,0.89924777,-0.002703118,3735
56,853530,2017,0.7829613,-0.006053183,3705
57,853530,2020,0.81775254,-0.005151333,3547
58,853530,2018,0.58843315,-0.011876271,3838
59,853530,2021,0.93925995,-0.0017093436,3616
60,846130,2022,0.23567466,-0.055387348,518
61,846130,2019,1.0572234,0.00594509,489
62,846130,2017,0.7726853,-0.015343321,508
63,846130,2020,0.4965565,-0.036740687,442
64,846130,2018,1.189975,0.016160605,494
65,846130,2021,0.24313797,-0.055866826,464
66,902710,2022,1.5425344,0.025377927,5840
67,902710,2019,1.8780569,0.039898343,5566
68,902710,2017,2.3330467,0.05810041,5210
69,902710,2020,1.4720666,0.022294916,5575
70,902710,2018,2.2806416,0.05609792,5466
71,902710,2021,1.7503719,0.03464109,5891
72,841950,2022,1.5823958,0.03437798,5669
73,841950,2019,1.4128069,0.020888695,5581
74,841950,2017,1.0748466,0.0055713328,5402
75,841950,2020,1.1991595,0.013954588,5405
76,841950,2018,1.3532588,0.023748768,5523
77,841950,2021,1.2584543,0.013638736,5669
78,847930,2022,0.49856246,-0.02590237,1475
79,847930,2019,0.8962011,-0.005482438,1602
80,847930,2017,0.68419975,-0.016048783,1647
81,847930,2020,0.7452141,-0.012505904,1421
82,847930,2018,1.3879565,0.02154463,1650
83,847930,2021,1.2113374,0.012134934,1463
84,901210,2022,2.299939,0.05954407,1678
85,901210,2019,3.0941095,0.09179353,1717
86,901210,2017,3.719033,0.18839495,1612
87,901210,2020,2.473223,0.06379849,1607
88,901210,2018,4.4017873,0.1699506,1651
89,901210,2021,2.87103,0.08311655,1712
90,848240,2022,1.0695387,0.0026937977,4601
91,848240,2019,0.8942258,-0.0033501505,4608
92,848240,2017,1.615942,0.021660136,4300
93,848240,2020,0.65560544,-0.011880329,4523
94,848240,2018,1.0418676,0.0016947803,4487
95,848240,2021,0.9596377,-0.0011374735,4650
96,848280,2022,0.7103798,-0.01023648,6060
97,848280,2019,0.5567388,-0.015550279,6313
98,848280,2017,0.9583889,-0.0009874082,6204
99,848280,2020,0.4047914,-0.021218428,6051
100,848280,2018,0.636123,-0.012820523,6276
101,848280,2021,0.7084697,-0.010132454,6160
102,902780,2022,1.808934,0.032973774,7062
103,902780,2019,1.5071286,0.022048624,7557
104,902780,2017,1.6335061,0.029366989,7355
105,902780,2020,1.6378138,0.027371364,7345
106,902780,2018,1.7374088,0.032957807,7492
107,902780,2021,1.8111844,0.034614414,7689
108,853210,2022,0.50172734,-0.028176682,3113
109,853210,2019,0.77485496,-0.012699216,3193
110,853210,2017,0.66863817,-0.018759597,3155
111,853210,2020,0.40234694,-0.03409045,3125
112,853210,2018,0.6413542,-0.020580752,3194
113,853210,2021,0.5142004,-0.0270713,3205
114,841229,2022,0.91993093,-0.0021359357,5070
115,841229,2019,1.6575168,0.018841004,5101
116,841229,2017,1.2191957,0.0060464363,4998
117,841229,2020,1.4361265,0.013021155,4970
118,841229,2018,2.383245,0.037896827,5165
119,841229,2021,1.4077737,0.01224988,5187
120,750110,2022,2.1859248,0.14269452,260
121,750110,2019,0.60654163,-0.035962135,150
122,750110,2017,0.3933918,-0.058603868,131
123,750110,2020,0.6587446,-0.028609263,132
124,750110,2018,0.7212809,-0.0219509,111
125,750110,2021,1.2633963,0.037742075,151
126,720827,2022,1.4683219,0.03936892,955
127,720827,2019,0.8546996,-0.008644883,1018
128,720827,2017,0.9391697,-0.0017551229,1037
129,720827,2020,0.4241253,-0.04269219,932
130,720827,2018,1.1824535,0.012545253,1019
131,720827,2021,1.2408389,0.021644857,1012
132,721931,2022,1.6499583,0.021531051,1133
133,721931,2019,1.1861382,0.0058837403,1254
134,721931,2017,0.7958534,-0.005292793,1316
135,721931,2020,0.83548594,-0.0046430225,1211
136,721931,2018,1.1133649,0.0036543852,1254
137,721931,2021,1.7172338,0.022534281,1153
138,750711,2022,1.3386922,0.019622693,367
139,750711,2019,4.531778,0.30121258,348
140,750711,2017,0.3733865,-0.05510866,338
141,750711,2020,0.5290815,-0.02397243,357
142,750711,2018,2.7145255,0.15889196,357
143,750711,2021,0.4138678,-0.0297617,374
144,722840,2022,1.6317306,0.05936984,1224
145,722840,2019,0.9199374,-0.005119285,1322
146,722840,2017,1.2219528,0.021611504,1238
147,722840,2020,0.94988304,-0.0018014896,1263
148,722840,2018,1.3036164,0.02865609,1273
149,722840,2021,1.4295663,0.040251054,1261
150,282520,2022,187.73099,4.868543,631
151,282520,2019,20.970148,0.56893164,615
152,282520,2017,17.882095,0.816563,573
153,282520,2020,7.425722,0.15703009,602
154,282520,2018,19.969683,0.63582534,567
155,282520,2021,9.909198,0.24871942,624
156,850650,2022,1.9079144,0.05291993,4944
157,850650,2019,1.5663329,0.03485701,5044
158,850650,2017,1.8314022,0.056168646,4847
159,850650,2020,1.67742,0.041724462,4903
160,850650,2018,1.7555494,0.04815328,4949
161,850650,2021,1.9139415,0.054245636,5182
162,400249,2022,1.5505816,0.054276183,1042
163,400249,2019,1.113946,0.0130741,988
164,400249,2017,1.3068898,0.031263985,971
165,400249,2020,0.761182,-0.020536315,984
166,400249,2018,1.502219,0.051142056,990
167,400249,2021,1.0173885,0.0036901878,1048
168,291613,2022,1.2433245,0.029646965,556
169,291613,2019,0.9735891,0.0012031083,545
170,291613,2017,1.4995698,0.056196306,577
171,291613,2020,0.7097782,-0.028596828,538
172,291613,2018,1.6473451,0.07354924,572
173,291613,2021,1.8057172,0.09151591,613
174,291823,2022,2.4954808,0.10053502,1014
175,291823,2019,3.0555136,0.1608714,952
176,291823,2017,1.5802754,0.048643198,928
177,291823,2020,1.3980305,0.027309746,964
178,291823,2018,1.8119364,0.066837706,927
179,291823,2021,1.4460696,0.031214282,971
180,292146,2022,2.0919516,0.14016356,180
181,292146,2019,1.6153033,0.072629325,150
182,292146,2017,1.6352065,0.06995266,138
183,292146,2020,1.97232,0.114886574,169
184,292146,2018,1.7818253,0.08723531,163
185,292146,2021,2.8813014,0.23056261,168
186,270900,2022,2.4524903,0.115568705,1466
187,270900,2019,0.8759718,-0.0073845824,1531
188,270900,2017,0.52901167,-0.035560165,1643
189,270900,2020,0.48985592,-0.03838081,1415
190,270900,2018,0.9776552,0.0019926103,1554
191,270900,2021,1.1103891,0.0122513445,1510
192,271113,2022,3.2625575,0.15883462,1714
193,271113,2019,0.8711051,-0.005753894,1846
194,271113,2017,0.9338416,-0.0018853068,1878
195,271113,2020,0.75673974,-0.012623176,1748
196,271113,2018,1.355659,0.030848397,1864
197,271113,2021,2.5901322,0.12228518,1806
198,271114,2022,0.3284776,-0.011745995,585
199,271114,2019,0.1166757,-0.016777037,579
200,271114,2017,0.1228182,-0.017895887,594
201,271114,2020,0.094824426,-0.016715756,573
202,271114,2018,0.14969108,-0.01683801,610
203,271114,2021,0.29877728,-0.012449611,559
204,271129,2022,2.2968128,0.030698333,1074
205,271129,2019,3.7747896,0.06106096,1070
206,271129,2017,0.11895144,-0.019036956,1056
207,271129,2020,1.3814367,0.008671751,1012
208,271129,2018,1.6678407,0.014040115,1065
209,271129,2021,0.7098962,-0.0067452686,1028
210,271210,2022,0.6209076,-0.0056017367,2236
211,271210,2019,0.26097584,-0.011337352,2292
212,271210,2017,0.27282706,-0.011422275,2206
213,271210,2020,0.31517988,-0.010298681,2183
214,271210,2018,0.36144522,-0.009893184,2211
215,271210,2021,0.46844196,-0.00791086,2251
216,271320,2022,4.116047,0.15476465,1291
217,271320,2019,1.1359156,0.0070788306,1315
218,271320,2017,0.98317707,-3.8545713e-05,1221
219,271320,2020,0.70512587,-0.01336295,1328
220,271320,2018,1.2756037,0.00087054505,1271
221,271320,2021,1.7485592,0.036906462,1275
222,270111,2022,3.8565435,0.14150982,970
223,270111,2019,0.7678647,-0.010113201,899
224,270111,2017,0.5253093,-0.023007913,873
225,270111,2020,0.3627453,-0.031722717,842
226,270111,2018,0.66822207,-0.0155027695,899
227,270111,2021,1.9572629,0.04985567,870
228,270112,2022,6.2953553,0.31257087,866
229,270112,2019,1.5908678,0.03550464,762
230,270112,2017,1.4754887,0.025781915,740
231,270112,2020,0.7145753,-0.013232087,716
232,270112,2018,1.766864,0.04666383,722
233,270112,2021,1.6067407,0.03823289,784
234,282710,2022,1.4423529,0.012530991,1249
235,282710,2019,1.6164541,0.016458701,1209
236,282710,2017,1.9121056,0.020985445,1214
237,282710,2020,1.4052624,0.01136608,1207
238,282710,2018,1.3025812,0.007738279,1229
239,282710,2021,5.0451813,0.116279334,1279
240,750400,2022,7.6488004,0.2473003,1049
241,750400,2019,3.3512843,0.12330056,1003
242,750400,2017,0.82930666,-0.0079486305,960
243,750400,2020,1.6947011,0.03172647,984
244,750400,2018,2.4633527,0.08059321,1015
245,750400,2021,5.1349335,0.1884341,1045
246,294190,2022,0.22005422,-0.012640857,2706
247,294190,2019,0.5501687,-0.0074018324,2715
248,294190,2017,0.26633495,-0.012385254,2764
249,294190,2020,0.37944064,-0.010254779,2681
250,294190,2018,0.4058132,-0.009848463,2723
251,294190,2021,0.30500838,-0.011366854,2749
252,760110,2022,2.4115992,0.0706109,1642
253,760110,2019,0.8678034,-0.005649689,1629
254,760110,2017,1.1993489,0.012382383,1662
255,760110,2020,1.1133032,0.0070946845,1525
256,760110,2018,0.99762964,0.00077814003,1661
257,760110,2021,1.8731445,0.04665523,1650
258,853400,2022,1.3836703,0.006048094,6125
259,853400,2019,1.2129099,0.0033867417,6077
260,853400,2017,1.5029933,0.007849694,5901
261,853400,2020,1.2340575,0.0037060115,5998
262,853400,2018,1.559284,0.008709387,6000
263,853400,2021,1.9470634,0.015018353,6107
264,870324,2022,0.27063,-0.016464647,3980
265,870324,2019,0.3452358,-0.015326972,4171
266,870324,2017,0.5984718,-0.009576542,4074
267,870324,2020,0.25076613,-0.017353417,3867
268,870324,2018,0.47748008,-0.012250513,4078
269,870324,2021,0.2464728,-0.017195303,4094
270,870323,2022,1.0608426,0.0016974525,6174
271,870323,2019,1.6460682,0.017348005,6808
272,870323,2017,1.7351378,0.019912846,6777
273,870323,2020,1.0784377,0.0015923667,6337
274,870323,2018,1.7091839,0.019270573,6838
275,870323,2021,0.9418954,-0.0013099068,6608
276,870322,2022,2.363766,0.037821967,4661
277,870322,2019,3.095151,0.061622523,4876
278,870322,2017,2.4746735,0.04602351,4754
279,870322,2020,2.15765,0.031543173,4637
280,870322,2018,2.9988954,0.06073061,4861
281,870322,2021,1.3072946,0.008621896,4790
282,870321,2022,2.240222,0.058455784,3538
283,870321,2019,4.2246375,0.13532527,3744
284,870321,2017,2.171201,0.049722943,3645
285,870321,2020,2.5113034,0.064423345,3546
286,870321,2018,3.9807127,0.12791914,3807
287,870321,2021,2.3856325,0.061728805,3695
288,230230,2022,4.5763516,0.12478135,1025
289,230230,2019,1.100839,0.0035018262,1061
290,230230,2017,1.1733185,0.005074054,986
291,230230,2020,1.4560324,0.014862245,1049
292,230230,2018,1.2734718,0.008108452,1016
293,230230,2021,2.819664,0.060214814,1009
294,230250,2022,2.6442645,0.28068295,561
295,230250,2019,0.49262,-0.030411607,534
296,230250,2017,0.6747981,-0.010827373,500
297,230250,2020,0.4211175,-0.039257564,564
298,230250,2018,1.0051504,0.03436201,508
299,230250,2021,0.94957256,0.02192288,591
300,230210,2022,0.953521,-0.000926309,700
301,230210,2019,0.42597586,-0.012920524,650
302,230210,2017,0.25171253,-0.017248454,593
303,230210,2020,0.42645383,-0.012882218,672
304,230210,2018,0.513086,-0.010964257,591
305,230210,2021,0.85779804,-0.0030039104,676
306,282200,2022,0.74890524,-0.0043669273,676
307,282200,2019,1.4352365,0.008450912,658
308,282200,2017,12.072217,0.5329962,638
309,282200,2020,7.6567936,0.13735662,655
310,282200,2018,29.430801,0.80251986,694
311,282200,2021,14.908433,0.37371507,696
312,180100,2022,0.57500994,-0.028973682,1846
313,180100,2019,0.7449846,-0.016979128,1750
314,180100,2017,0.826526,-0.011125035,1641
315,180100,2020,0.69977075,-0.019465998,1715
316,180100,2018,0.715041,-0.019523209,1755
317,180100,2021,0.94812316,-0.0015187443,1898
318,100590,2022,3.2854848,0.08189732,2675
319,100590,2019,1.0786886,0.0031275076,2508
320,100590,2017,0.92792475,-0.0025600863,2383
321,100590,2020,1.0856411,0.0033947665,2535
322,100590,2018,1.3540614,0.013272767,2443
323,100590,2021,3.2467237,0.08819394,2699
324,100610,2022,2.7327287,0.063636295,1244
325,100610,2019,0.98309636,0.00015503023,1159
326,100610,2017,0.7130258,-0.010044531,1259
327,100610,2020,0.96837044,-0.0007935087,1255
328,100610,2018,0.9970637,0.00018314594,1251
329,100610,2021,3.2795677,0.08902535,1289
330,100620,2022,1.434109,0.02187778,2038
331,100620,2019,1.8181818,0.044618916,2160
332,100620,2017,1.5865318,0.031408064,2142
333,100620,2020,1.945369,0.047320236,2177
334,100620,2018,0.93435603,-0.0030411722,2118
335,100620,2021,1.1814431,0.0093149645,2193
336,100630,2022,1.606818,0.02302261,4149
337,100630,2019,1.3565695,0.013082235,4163
338,100630,2017,1.1079764,0.003831603,4073
339,100630,2020,1.2006915,0.007359202,4160
340,100630,2018,1.3253933,0.011582002,4107
341,100630,2021,1.2057438,0.0072582336,4252
342,100810,2022,0.729311,-0.013145611,968
343,100810,2019,0.62381494,-0.014239593,866
344,100810,2017,0.54428643,-0.019500615,854
345,100810,2020,1.0309831,0.010861053,913
346,100810,2018,0.7623164,-0.0034356927,883
347,100810,2021,0.709461,-0.011717466,961
348,100820,2022,1.495405,0.019488163,1354
349,100820,2019,3.174677,0.11867287,1295
350,100820,2017,0.95327467,-0.001997769,1220
351,100820,2020,2.0967813,0.041725677,1265
352,100820,2018,1.6301806,0.038193982,1168
353,100820,2021,1.274794,0.010371661,1353
354,100830,2022,1.4800766,0.034738664,498
355,100830,2019,0.58590806,-0.029104901,482
356,100830,2017,0.5098767,-0.035241876,474
357,100830,2020,0.7397095,-0.016843054,494
358,100830,2018,0.44075206,-0.040305,481
359,100830,2021,1.2875112,0.02226118,519
360,100890,2022,2.6216257,0.05595715,2304
361,100890,2019,0.7590979,-0.006457029,2285
362,100890,2017,0.7578093,-0.008440555,2135
363,100890,2020,1.8446963,0.028256837,2276
364,100890,2018,0.919638,-0.0018745782,2277
365,100890,2021,1.4968839,0.017476587,2353
366,110100,2022,2.3966594,0.047987536,3573
367,110100,2019,1.1022772,0.0036024004,3551
368,110100,2017,1.5258014,0.019585881,3617
369,110100,2020,1.1889795,0.0065393345,3526
370,110100,2018,1.2593074,0.009085011,3651
371,110100,2021,1.2882199,0.009980484,3633
372,110220,2022,3.1229196,0.055499863,2250
373,110220,2019,1.9385748,0.03287794,2098
374,110220,2017,2.4114726,0.059789684,2046
375,110220,2020,2.6972144,0.05435195,2186
376,110220,2018,3.3629267,0.089179486,2028
377,110220,2021,2.0675135,0.029533258,2334
378,110313,2022,1.4303242,0.032055885,1498
379,110313,2019,0.91762286,-0.0042850166,1454
380,110313,2017,1.4800966,0.0355542,1434
381,110313,2020,1.1013014,0.007389512,1481
382,110313,2018,0.9429606,-0.0033502865,1417
383,110313,2021,1.4605838,0.033865824,1491
384,120100,2022,3.3152792,0.056586828,2014
385,120100,2019,1.5939819,0.014465199,1843
386,120100,2017,2.2716925,0.035671037,1859
387,120100,2020,1.9347665,0.022916174,1899
388,120100,2018,2.8924682,0.052120723,1771
389,120100,2021,2.523071,0.037985116,2050
390,120210,2022,0.9850567,-8.836336e-05,994
391,120210,2019,0.98667014,-0.00010070918,980
392,120210,2017,0.9614663,-0.0009681213,964
393,120210,2020,6.981353,0.19373219,969
394,120210,2018,0.41626415,-0.018436382,959
395,120210,2021,1.1241758,0.0031629666,1052
396,120400,2022,2.2768564,0.05580738,1632
397,120400,2019,0.6588983,-0.013907833,1583
398,120400,2017,0.7022025,-0.01213619,1535
399,120400,2020,0.7515858,-0.009998412,1621
400,120400,2018,0.5929601,-0.016785627,1546
401,120400,2021,1.608062,0.026828563,1714
402,120510,2022,2.136344,0.07313095,790
403,120510,2019,0.5469257,-0.024457134,762
404,120510,2017,1.707614,0.04115489,777
405,120510,2020,0.89005274,-0.0039384714,760
406,120510,2018,2.0462186,0.06546539,752
407,120510,2021,1.5382171,0.032823578,780
408,120600,2022,4.6782827,0.29256657,2363
409,120600,2019,1.6663901,0.058390245,2342
410,120600,2017,1.3515632,0.030665632,2293
411,120600,2020,1.9852787,0.08809082,2372
412,120600,2018,1.7671993,0.06525262,2286
413,120600,2021,1.6662781,0.057320062,2474
414,120740,2022,1.5906825,0.022775725,2713
415,120740,2019,1.600956,0.021741454,2586
416,120740,2017,1.0135183,0.0008489852,2445
417,120740,2020,1.5823795,0.022258574,2692
418,120740,2018,1.3666973,0.012645114,2477
419,120740,2021,1.433665,0.01707064,2916
420,120910,2022,2.2078347,0.14852203,461
421,120910,2019,0.8526149,-0.009902631,499
422,120910,2017,1.582257,0.070296615,481
423,120910,2020,1.1053264,0.021997394,510
424,120910,2018,1.2794136,0.04097314,487
425,120910,2021,1.4792432,0.06462824,490
426,120923,2022,2.459905,0.103436865,589
427,120923,2019,1.1729368,0.014582393,599
428,120923,2017,1.7314793,0.06046434,539
429,120923,2020,1.4730401,0.039940882,576
430,120923,2018,1.7644155,0.063545175,553
431,120923,2021,3.316597,0.18549858,604
432,170199,2022,1.2718172,0.012237143,4246
433,170199,2019,0.4500003,-0.02395398,4277
434,170199,2017,0.9025926,-0.0040173028,4414
435,170199,2020,0.65785265,-0.014654334,4237
436,170199,2018,0.5725593,-0.018580899,4365
437,170199,2021,0.8674079,-0.0056219776,4349
438,170112,2022,0.044237174,-0.018061763,1005
439,170112,2019,0.053864855,-0.019262252,1017
440,170112,2017,0.06984905,-0.020510502,1000
441,170112,2020,0.06630587,-0.018328289,984
442,170112,2018,0.046751216,-0.020210024,1048
443,170112,2021,0.38830072,-0.01162956,1005
444,210320,2022,1.0649316,0.002131474,4263
445,210320,2019,0.8578402,-0.0038840175,4115
446,210320,2017,1.1156197,0.0037312247,3955
447,210320,2020,0.93632454,-0.0015884427,4186
448,210320,2018,0.9220212,-0.001831449,4004
449,210320,2021,0.9311918,-0.0016992354,4415
450,220300,2022,3.5332913,0.033045795,5138
451,220300,2019,2.6197448,0.025923753,5385
452,220300,2017,2.271299,0.026061848,5378
453,220300,2020,2.692804,0.025048723,5139
454,220300,2018,2.4576979,0.025771957,5364
455,220300,2021,3.189561,0.030805612,5291
456,520100,2022,2.3748145,0.048664045,1906
457,520100,2019,0.92737716,-0.0018445897,1820
458,520100,2017,0.67015225,-0.01006533,1843
459,520100,2020,1.2981387,0.0102142515,1717
460,520100,2018,0.8772561,-0.0034700986,1839
461,520100,2021,1.2900611,0.010216875,1912
462,510111,2022,1.3729613,0.016131004,467
463,510111,2019,1.2481829,0.010455074,506
464,510111,2017,2.006147,0.042415682,550
465,510111,2020,0.8067081,-0.0072337165,421
466,510111,2018,2.1528485,0.047098164,529
467,510111,2021,1.8115929,0.0336958,434
468,530310,2022,1.867083,0.054513063,517
469,530310,2019,1.0182027,0.004080097,530
470,530310,2017,0.70962805,-0.015905073,495
471,530310,2020,0.5721993,-0.025089864,470
472,530310,2018,1.0064113,0.0015407747,513
473,530310,2021,0.9945596,0.00030304547,576
474,500200,2022,1.2046578,0.020782782,261
475,500200,2019,0.49952066,-0.028737862,309
476,500200,2017,1.0245439,0.009581399,276
477,500200,2020,0.3499989,-0.04226957,258
478,500200,2018,0.6986044,-0.013701075,290
479,500200,2021,0.37975356,-0.035666823,308
480,260111,2022,2.638047,0.041089036,896
481,260111,2019,2.7079003,0.053382013,906
482,260111,2017,1.5151484,0.01635887,874
483,260111,2020,3.6618588,0.08610278,797
484,260111,2018,1.3904108,0.012849035,858
485,260111,2021,6.151468,0.15468305,922
486,260112,2022,0.73582643,-0.01398888,511
487,260112,2019,1.1768351,0.015032872,424
488,260112,2017,0.898769,-0.002706383,374
489,260112,2020,0.6775444,-0.016790604,388
490,260112,2018,0.7680816,-0.010666031,403
491,260112,2021,1.2027599,0.01585912,481
492,260300,2022,2.901163,0.07264661,903
493,260300,2019,2.5341175,0.100302465,729
494,260300,2017,2.2658155,0.109368004,717
495,260300,2020,3.079957,0.12847823,707
496,260300,2018,3.3154075,0.17692102,708
497,260300,2021,5.5161333,0.24152985,844
498,260700,2022,1.6687753,0.08897184,411
499,260700,2019,1.1600645,0.016424507,381
500,260700,2017,1.2069834,0.028551668,357
501,260700,2020,1.890236,0.11528387,365
502,260700,2018,0.873315,-0.00811731,385
503,260700,2021,2.6876237,0.20838645,380
504,260800,2022,2.09065,0.14151165,675
505,260800,2019,1.6851273,0.10559496,592
506,260800,2017,1.9813875,0.13829508,578
507,260800,2020,1.0576359,0.015321052,560
508,260800,2018,2.5275745,0.23028462,601
509,260800,2021,2.1770692,0.15752436,583
510,261000,2022,3.1058605,0.10572281,530
511,261000,2019,1.9663144,0.048162732,583
512,261000,2017,2.7700334,0.084828496,549
513,261000,2020,1.6182878,0.02943066,508
514,261000,2018,1.8664222,0.047033627,594
515,261000,2021,1.7387156,0.035035647,522
516,261400,2022,1.651244,0.073688194,661
517,261400,2019,1.4334158,0.05087345,623
518,261400,2017,1.383067,0.042147916,605
519,261400,2020,1.0622323,0.011035931,630
520,261400,2018,1.2846985,0.0364295,621
521,261400,2021,1.0375923,0.008643763,664
522,261510,2022,2.0675778,0.056870095,726
523,261510,2019,1.1448637,0.011781206,683
524,261510,2017,0.9114312,-0.0013763253,663
525,261510,2020,1.0579853,0.005116176,644
526,261510,2018,1.0776135,0.0056796763,676
527,261510,2021,0.8509572,0.0012282248,695
528,262029,2022,0.13372798,-0.0848256,237
529,262029,2019,0.38177875,-0.05458589,142
530,262029,2017,0.45774844,-0.047009278,171
531,262029,2020,0.833639,-0.0053279,166
532,262029,2018,0.81214833,-0.0023648532,145
533,262029,2021,0.5832099,-0.08955565,169
534,270400,2022,2.476897,0.09171591,945
535,270400,2019,0.6216707,-0.021638671,955
536,270400,2017,2.3222363,0.09451172,969
537,270400,2020,0.32983276,-0.038989063,895
538,270400,2018,1.9435768,0.056031637,996
539,270400,2021,1.4091911,0.025649326,992
540,271111,2022,3.265824,0.26900098,667
541,271111,2019,1.1607916,0.029667716,648
542,271111,2017,0.6318894,-0.028158722,621
543,271111,2020,0.6838808,-0.021823956,592
544,271111,2018,1.0788671,0.020050531,621
545,271111,2021,1.1659707,0.028504927,649
546,271600,2022,9.717204,1.1935043,452
547,271600,2019,0.67559975,-0.03554479,462
548,271600,2017,0.66092104,-0.03675778,504
549,271600,2020,0.5836821,-0.04685833,460
550,271600,2018,0.85543615,-0.011181612,501
551,271600,2021,2.597867,0.2117501,476
552,252010,2022,1.9608604,0.061491407,1452
553,252010,2019,1.1904303,0.011366393,1506
554,252010,2017,0.9376544,-0.0027949966,1507
555,252010,2020,1.3853769,0.023286285,1439
556,252010,2018,1.1164373,0.0069952467,1483
557,252010,2021,1.4271308,0.026586449,1462
558,250100,2022,1.60229,0.025581263,5329
559,250100,2019,1.20054,0.009211566,5240
560,250100,2017,0.9507461,-0.0019000395,5124
561,250100,2020,1.1100075,0.00556546,5252
562,250100,2018,1.2431138,0.011158855,5165
563,250100,2021,1.3235917,0.014292112,5437
564,252210,2022,1.3862822,0.04175655,973
565,252210,2019,0.9790307,0.00091442175,1008
566,252210,2017,0.8258573,-0.014893985,962
567,252210,2020,0.9137304,-0.0062332074,989
568,252210,2018,1.0638207,0.009051689,1004
569,252210,2021,0.9850995,0.0013692891,1010
570,252230,2022,0.5756877,-0.009273556,530
571,252230,2019,0.24012937,-0.017612549,507
572,252230,2017,0.18890478,-0.019663269,502
573,252230,2020,0.31236848,-0.015697885,494
574,252230,2018,0.26270685,-0.017357113,526
575,252230,2021,0.4284125,-0.01288319,518
576,252310,2022,2.2157648,0.04013428,1030
577,252310,2019,3.2132246,0.12356077,1110
578,252310,2017,0.99885565,0.0012893033,1130
579,252310,2020,3.548223,0.11556905,1034
580,252310,2018,2.036676,0.058571253,1142
581,252310,2021,4.6860695,0.14379661,1091
582,280110,2022,3.487598,0.06789393,1031
583,280110,2019,0.40086582,-0.016321523,1042
584,280110,2017,0.1896248,-0.023021258,1017
585,280110,2020,0.33112,-0.01811723,1019
586,280110,2018,0.24207358,-0.021067923,1035
587,280110,2021,0.83671606,-0.00425254,1067
588,280120,2022,4.3669295,0.17285916,1049
589,280120,2019,0.94172204,0.00025939106,1054
590,280120,2017,0.35091352,-0.027128655,1088
591,280120,2020,1.448889,0.024163004,1041
592,280120,2018,0.6801101,-0.011952685,1059
593,280120,2021,1.216664,0.014159749,1022
594,280130,2022,6.3737793,0.22630294,506
595,280130,2019,4.8775597,0.17307672,481
596,280130,2017,4.5984282,0.22669365,483
597,280130,2020,4.2050686,0.13341933,460
598,280130,2018,3.5325727,0.119459234,473
599,280130,2021,4.9292355,0.17509036,488
600,281000,2022,3.2611434,0.15386903,1474
601,281000,2019,1.0138117,0.0031481935,1474
602,281000,2017,0.8742937,-0.006199575,1510
603,281000,2020,1.2440872,0.018767145,1443
604,281000,2018,1.5482686,0.044425674,1493
605,281000,2021,1.6708044,0.048330132,1513
606,281700,2022,2.0456464,0.044442553,1880
607,281700,2019,1.2848943,0.01180078,1948
608,281700,2017,1.9997473,0.03900176,1857
609,281700,2020,0.89655834,-0.003527642,1932
610,281700,2018,2.311441,0.051326852,1872
611,281700,2021,1.8324187,0.034471057,1963
612,281830,2022,2.087845,0.097284675,1375
613,281830,2019,1.548233,0.049643576,1378
614,281830,2017,1.5203482,0.048637915,1285
615,281830,2020,0.993009,0.0013653206,1389
616,281830,2018,1.997634,0.09110172,1394
617,281830,2021,1.3672541,0.033616804,1397
618,282110,2022,3.0616639,0.094710246,2238
619,282110,2019,0.8241901,-0.0072417385,2216
620,282110,2017,1.0739948,0.004465926,2135
621,282110,2020,0.9554077,-0.0011873364,2144
622,282110,2018,1.0129129,0.0014757438,2138
623,282110,2021,1.2169033,0.010532507,2257
624,282550,2022,1.7389256,0.075912304,849
625,282550,2019,0.7302937,-0.027096486,880
626,282550,2017,0.6868287,-0.026689919,855
627,282550,2020,0.74612856,-0.021717872,828
628,282550,2018,0.7974272,-0.016457016,836
629,282550,2021,1.5364318,0.053907886,869
630,282560,2022,1.9810127,0.13138983,713
631,282560,2019,0.88146,-0.008035397,737
632,282560,2017,0.9365725,-0.0021288055,666
633,282560,2020,0.9957588,0.005428964,709
634,282560,2018,1.4249104,0.057943363,702
635,282560,2021,1.2382053,0.0365449,738
636,282590,2022,1.3579504,0.015912358,1600
637,282590,2019,0.5268162,-0.019874671,1654
638,282590,2017,1.002564,0.0006032462,1662
639,282590,2020,0.31449786,-0.029821282,1637
640,282590,2018,1.5449927,0.0231325,1621
641,282590,2021,1.0652745,0.003158656,1626
642,283210,2022,3.0411077,0.18848863,1725
643,283210,2019,1.4128197,0.035831876,1708
644,283210,2017,1.7407519,0.06415516,1641
645,283210,2020,1.1721044,0.01623036,1699
646,283210,2018,2.3410845,0.11527941,1665
647,283210,2021,1.3562646,0.033422332,1718
648,283311,2022,2.4686189,0.099996515,1266
649,283311,2019,1.442573,0.029843653,1262
650,283311,2017,0.9071149,-0.005319843,1288
651,283311,2020,1.2934666,0.020089824,1247
652,283311,2018,1.4762323,0.03166186,1314
653,283311,2021,1.4373144,0.02935637,1299
654,283630,2022,3.06466,0.11592916,2747
655,283630,2019,1.8467726,0.054740608,2651
656,283630,2017,1.6858605,0.04849138,2544
657,283630,2020,1.8778394,0.05523915,2748
658,283630,2018,1.9434869,0.06322375,2623
659,283630,2021,2.7154708,0.103417695,2808
660,283650,2022,0.9893187,-9.963293e-05,2629
661,283650,2019,0.4382849,-0.022993935,2752
662,283650,2017,0.6680159,-0.013672584,2655
663,283650,2020,0.52291024,-0.019267326,2657
664,283650,2018,0.37755162,-0.025872795,2747
665,283650,2021,0.95568585,-0.0013904899,2698
666,283699,2022,1.1641166,0.0071691573,2130
667,283699,2019,0.5266799,-0.017879914,2071
668,283699,2017,1.0906167,0.003904906,2069
669,283699,2020,0.64682245,-0.013254504,2030
670,283699,2018,2.0629969,0.04281894,2096
671,283699,2021,0.9035337,-0.0032467707,2181
672,290511,2022,1.2151498,0.0155243315,1913
673,290511,2019,1.1700578,0.013278785,1973
674,290511,2017,1.1893034,0.01456012,1974
675,290511,2020,1.0345412,0.0062283585,1914
676,290511,2018,1.7351664,0.043563284,1962
677,290511,2021,1.8731995,0.052072555,1953
678,290522,2022,1.7061324,0.10423207,905
679,290522,2019,1.6880165,0.08273844,822
680,290522,2017,0.98296475,-0.0029932754,780
681,290522,2020,1.3056483,0.043293107,822
682,290522,2018,1.7509602,0.10263765,824
683,290522,2021,1.5729347,0.07917032,883
684,290529,2022,4.261347,0.0827573,1006
685,290529,2019,1.4182348,0.012202454,966
686,290529,2017,3.1592443,0.06035792,921
687,290529,2020,1.7246015,0.021605896,991
688,290529,2018,3.7552857,0.07800092,924
689,290529,2021,5.658907,0.13938238,963
690,290541,2022,2.195532,0.09337061,463
691,290541,2019,1.1084486,0.024670618,429
692,290541,2017,1.0285832,0.013285164,433
693,290541,2020,0.91492623,-0.0021014106,426
694,290541,2018,1.3905355,0.07634257,461
695,290541,2021,6.772557,1.0417374,457
696,291570,2022,3.0246408,0.14798999,2245
697,291570,2019,1.2359934,0.018737644,2241
698,291570,2017,1.7976387,0.059578627,2160
699,291570,2020,1.5031811,0.038868353,2195
700,291570,2018,1.2432449,0.019391542,2210
701,291570,2021,2.1766403,0.08424434,2287
702,291814,2022,5.5911794,0.25714263,2755
703,291814,2019,1.1404026,0.011064982,2685
704,291814,2017,1.3651516,0.0278888,2606
705,291814,2020,1.1884986,0.014024818,2664
706,291814,2018,1.3510681,0.026268117,2637
707,291814,2021,2.9160175,0.1302019,2807
708,291816,2022,3.0848367,0.09449927,1252
709,291816,2019,1.74402,0.042242255,1218
710,291816,2017,1.3501248,0.020077365,1172
711,291816,2020,2.1734214,0.062545046,1268
712,291816,2018,2.077699,0.061241694,1199
713,291816,2021,3.0145087,0.10142973,1234
714,291819,2022,0.23268975,-0.017084021,1905
715,291819,2019,0.1340169,-0.020487303,1837
716,291819,2017,0.12290115,-0.021898912,1791
717,291819,2020,0.21310663,-0.01816189,1846
718,291819,2018,0.1759099,-0.019946313,1779
719,291819,2021,0.22181664,-0.017684227,1903
720,291823,2022,2.481712,0.100917704,1014
721,291823,2019,3.045686,0.15739879,952
722,291823,2017,1.5953761,0.050107002,928
723,291823,2020,1.3917047,0.027073843,964
724,291823,2018,1.8097913,0.06579731,927
725,291823,2021,1.4536631,0.03200359,971
726,292121,2022,2.7173188,0.14039989,1055
727,292121,2019,0.51661193,-0.034960892,1072
728,292121,2017,0.4555403,-0.039761193,989
729,292121,2020,0.42963332,-0.041385017,1028
730,292121,2018,0.66690016,-0.022640439,1050
731,292121,2021,0.85330164,-0.007539333,1032
732,292910,2022,1.3481452,0.031469308,2203
733,292910,2019,0.6597123,-0.02611181,2308
734,292910,2017,1.2330812,0.019889504,2347
735,292910,2020,0.556661,-0.034777172,2281
736,292910,2018,1.6842587,0.056482963,2372
737,292910,2021,1.2046182,0.018745331,2274
738,293040,2022,2.0610094,0.064954035,1225
739,293040,2019,1.3060721,0.024009157,1269
740,293040,2017,0.96073127,-0.0010683419,1197
741,293040,2020,1.0103632,0.0025673455,1265
742,293040,2018,0.7506666,-0.016529838,1236
743,293040,2021,1.9339241,0.06438829,1289
744,293361,2022,3.5843587,0.24273717,859
745,293361,2019,0.8342425,-0.016508147,786
746,293361,2017,1.4768425,0.06519523,763
747,293361,2020,0.5735754,-0.052653342,784
748,293361,2018,2.2565804,0.17734212,766
749,293361,2021,5.068427,0.5613934,849
750,310210,2022,3.1955094,0.10657538,2792
751,310210,2019,0.793982,-0.0067957207,2535
752,310210,2017,0.4790927,-0.020849751,2401
753,310210,2020,0.81982046,-0.005714739,2484
754,310210,2018,0.5465321,-0.017718626,2424
755,310210,2021,2.136268,0.053593386,2563
756,310230,2022,1.6382372,0.024103185,1093
757,310230,2019,0.84239435,-0.0057806517,1202
758,310230,2017,0.8888227,-0.003807847,1203
759,310230,2020,0.6371846,-0.01435213,1172
760,310230,2018,0.7726737,-0.008761148,1210
761,310230,2021,2.8022208,0.0745426,1115
762,310420,2022,4.256622,0.10459499,1760
763,310420,2019,0.86814654,-0.003212479,1878
764,310420,2017,0.7480324,-0.0074869464,1807
765,310420,2020,0.6949043,-0.009162442,1832
766,310420,2018,0.8243449,-0.005070942,1840
767,310420,2021,1.376332,0.012231121,1809
768,310430,2022,1.7104416,0.036564022,1281
769,310430,2019,0.7929208,-0.009446954,1334
770,310430,2017,0.6285743,-0.017799612,1379
771,310430,2020,0.72015095,-0.026758641,1366
772,310430,2018,0.4901633,-0.024545724,1350
773,310430,2021,0.7513245,-0.0113356,1345
774,310551,2022,0.6153562,-0.0074983933,637
775,310551,2019,0.3968532,-0.012009291,654
776,310551,2017,0.49602494,-0.009898958,644
777,310551,2020,0.4146669,-0.01160255,610
778,310551,2018,0.6339304,-0.0070633134,623
779,310551,2021,0.6977822,-0.005773772,624
780,330210,2022,2.526964,0.029178305,5213
781,330210,2019,1.6479257,0.013338314,5070
782,330210,2017,1.2724903,0.005823615,4930
783,330210,2020,1.6167227,0.012351148,5097
784,330210,2018,1.7297968,0.01531859,4960
785,330210,2021,1.7416539,0.014513799,5344
786,330300,2022,2.253064,0.04477416,6530
787,330300,2019,1.4959886,0.018608995,6316
788,330300,2017,1.0772445,0.0037932987,6163
789,330300,2020,0.894806,-0.0040655658,6250
790,330300,2018,1.3666629,0.014384146,6267
791,330300,2021,1.6357486,0.02352129,6632
792,340111,2022,1.7208438,0.019380154,6268
793,340111,2019,1.2575108,0.00667976,6416
794,340111,2017,1.1732332,0.0043817367,6371
795,340111,2020,1.4177285,0.010958244,6460
796,340111,2018,1.2921077,0.007370627,6392
797,340111,2021,1.2468587,0.006576414,6674
798,350300,2022,2.247441,0.10503113,2341
799,350300,2019,1.3104466,0.029547147,2333
800,350300,2017,1.1615962,0.017298618,2269
801,350300,2020,1.7333769,0.06584309,2300
802,350300,2018,1.1349461,0.015348097,2321
803,350300,2021,1.2681705,0.02590802,2371
804,350400,2022,3.1725945,0.14519088,2793
805,350400,2019,1.5412989,0.03557106,2600
806,350400,2017,1.1003219,0.008409823,2397
807,350400,2020,2.0116503,0.065677315,2681
808,350400,2018,1.2499031,0.017545888,2483
809,350400,2021,2.287071,0.085339345,2798
810,350610,2022,2.3330073,0.06309694,6231
811,350610,2019,1.6310859,0.031409323,6369
812,350610,2017,2.13615,0.060576167,6190
813,350610,2020,1.7565634,0.037549324,6124
814,350610,2018,1.9682418,0.047785703,6312
815,350610,2021,2.3701594,0.067122936,6309
816,360100,2022,1.3610246,0.024414016,425
817,360100,2019,0.49789697,-0.032835048,461
818,360100,2017,0.676011,-0.020720074,485
819,360100,2020,1.034111,0.0035016371,410
820,360100,2018,0.62138987,-0.024083644,471
821,360100,2021,2.4958518,0.094075866,448
822,380210,2022,2.250921,0.07237486,3006
823,380210,2019,1.3908845,0.021674694,2952
824,380210,2017,1.4484944,0.023655627,2785
825,380210,2020,1.205666,0.012364126,2907
826,380210,2018,1.7432687,0.03991766,2810
827,380210,2021,1.5722998,0.03363015,3022
828,380300,2022,2.8110607,0.15220541,484
829,380300,2019,1.6923536,0.057922583,476
830,380300,2017,1.4547974,0.0357627,490
831,380300,2020,2.4603791,0.12174753,484
832,380300,2018,1.3175163,0.026773226,470
833,380300,2021,1.8754067,0.073701195,481
834,380400,2022,1.845662,0.07413598,1341
835,380400,2019,1.1572996,0.016706005,1389
836,380400,2017,1.2396278,0.025847904,1374
837,380400,2020,1.1997354,0.020715155,1364
838,380400,2018,1.3046522,0.032244924,1349
839,380400,2021,1.5403744,0.04895077,1402
840,380610,2022,1.1173664,0.0069256555,1280
841,380610,2019,0.35232896,-0.034309257,1347
842,380610,2017,0.56390226,-0.022788614,1323
843,380610,2020,0.4074993,-0.030602189,1284
844,380610,2018,0.49175948,-0.026666446,1351
845,380610,2021,0.95834696,-0.0013134343,1326
846,380620,2022,0.9277575,-0.0016426013,317
847,380620,2019,0.71540374,-0.024458615,320
848,380620,2017,0.98939306,0.0038938574,366
849,380620,2020,0.43612337,-0.054144356,303
850,380620,2018,0.77174836,-0.016928742,334
851,380620,2021,0.79515034,-0.01631738,300
852,380630,2022,1.6146156,0.09169106,838
853,380630,2019,0.7243718,-0.0322434,859
854,380630,2017,1.0869504,0.016374417,827
855,380630,2020,0.842294,-0.014898886,836
856,380630,2018,0.9799936,0.0027729957,852
857,380630,2021,1.2042912,0.032321583,860
858,380830,2022,9.411642,0.3290246,2976
859,380830,2019,1.3390298,0.013464601,3130
860,380830,2017,2.198921,0.049651228,3075
861,380830,2020,1.4885149,0.019121734,3095
862,380830,2018,1.7474746,0.028595623,3093
863,380830,2021,2.5179777,0.0592872,3076
864,380890,2022,1.3317778,0.013954638,3946
865,380890,2019,0.7259216,-0.010112359,3963
866,380890,2017,0.7781816,-0.007883046,3952
867,380890,2020,0.8497686,-0.0055707055,4080
868,380890,2018,0.9854436,-0.00040344178,3968
869,380890,2021,1.1011032,0.0044552945,4155
870,380910,2022,1.0211114,0.002971747,1017
871,380910,2019,0.5085662,-0.032724243,1154
872,380910,2017,0.67765015,-0.02113385,1108
873,380910,2020,0.3003592,-0.04718368,1109
874,380910,2018,0.6254208,-0.0245113,1153
875,380910,2021,0.553507,-0.028991457,1118
876,381600,2022,3.710433,0.103088275,3376
877,381600,2019,1.5293242,0.030616704,3649
878,381600,2017,1.1439202,0.009234627,3575
879,381600,2020,1.5864986,0.03271737,3455
880,381600,2018,1.3973347,0.02257162,3605
881,381600,2021,2.9519842,0.102482475,3551
882,382000,2022,1.0667478,0.0026746027,4192
883,382000,2019,0.8533346,-0.0047094394,4101
884,382000,2017,0.765016,-0.0075578154,3845
885,382000,2020,0.48259777,-0.017729826,4051
886,382000,2018,0.9187606,-0.0026999158,3960
887,382000,2021,0.8109444,-0.006068848,4249
888,382311,2022,4.603693,0.10989684,1471
889,382311,2019,1.2928998,0.010858735,1396
890,382311,2017,1.2868906,0.013573326,1356
891,382311,2020,1.8486404,0.035120215,1379
892,382311,2018,2.0489633,0.047655202,1361
893,382311,2021,4.1826982,0.12281018,1444
894,382312,2022,7.386802,0.5775836,744
895,382312,2019,1.7706972,0.09819953,701
896,382312,2017,3.1831615,0.2660767,655
897,382312,2020,2.4151735,0.18594506,681
898,382312,2018,2.2528644,0.16616729,666
899,382312,2021,6.2017307,0.65445685,720
900,382319,2022,7.8356595,0.28426656,2045
901,382319,2019,1.4429742,0.022854496,1972
902,382319,2017,3.2217846,0.108176544,2004
903,382319,2020,1.7446312,0.038765393,1957
904,382319,2018,2.3251047,0.06433615,1987
905,382319,2021,6.196612,0.27090308,2035
906,390110,2022,1.6380332,0.03649178,4379
907,390110,2019,1.3868165,0.025922256,4329
908,390110,2017,1.2639071,0.019984422,4431
909,390110,2020,1.0569127,0.004882479,4293
910,390110,2018,1.8075662,0.05620186,4423
911,390110,2021,2.093149,0.06747144,4624
912,390120,2022,1.5236926,0.022932244,4077
913,390120,2019,1.4723332,0.02085427,4078
914,390120,2017,1.4115984,0.01761497,4112
915,390120,2020,1.1794109,0.008334162,4053
916,390120,2018,1.6266551,0.026416883,4152
917,390120,2021,1.8270359,0.03635452,4431
918,390210,2022,1.4676503,0.02695444,4038
919,390210,2019,1.029721,0.0027511208,4128
920,390210,2017,1.0392152,0.003029144,3960
921,390210,2020,0.93752974,-0.0036205293,4052
922,390210,2018,1.1969979,0.012363338,4060
923,390210,2021,1.7325953,0.04344657,4284
924,390410,2022,2.500988,0.11578449,2535
925,390410,2019,1.155457,0.0145285195,2490
926,390410,2017,1.1606935,0.0143568395,2459
927,390410,2020,0.93734664,-0.0032692493,2420
928,390410,2018,1.3327919,0.029218229,2418
929,390410,2021,2.6770208,0.13946411,2633
930,390720,2022,1.675586,0.057442904,3260
931,390720,2019,1.0054985,0.0028993145,3482
932,390720,2017,0.9937897,0.0022083651,3383
933,390720,2020,0.9090251,-0.005496299,3423
934,390720,2018,1.1551169,0.014960217,3454
935,390720,2021,2.2559478,0.10300138,3535
936,390730,2022,1.9275702,0.04267236,4092
937,390730,2019,1.248582,0.016109169,4026
938,390730,2017,1.1289079,0.009653267,3819
939,390730,2020,1.5151025,0.026698207,3900
940,390730,2018,1.2987165,0.019310333,3937
941,390730,2021,2.6454518,0.08832881,4033
942,391239,2022,2.1047487,0.102834955,2410
943,391239,2019,1.2355238,0.024687313,2325
944,391239,2017,1.2222621,0.023240004,2256
945,391239,2020,1.4073373,0.040166467,2318
946,391239,2018,1.3942126,0.038954422,2270
947,391239,2021,1.6561359,0.06447988,2453
948,400110,2022,0.86125284,-0.0036752368,1668
949,400110,2019,0.5350629,-0.012477344,1571
950,400110,2017,0.9138006,-0.0021838949,1531
951,400110,2020,0.73102385,-0.0071661724,1557
952,400110,2018,0.6948056,-0.008132818,1623
953,400110,2021,0.92960167,-0.0018099879,1670
954,400121,2022,0.34499437,-0.02792054,545
955,400121,2019,0.18163612,-0.03695457,506
956,400121,2017,0.70716685,-0.011723571,548
957,400121,2020,0.22935557,-0.033861298,480
958,400121,2018,0.25854734,-0.03334081,526
959,400121,2021,0.42899868,-0.024561446,539
960,400122,2022,0.49412796,-0.022335531,1301
961,400122,2019,0.39467064,-0.027651573,1212
962,400122,2017,0.74868727,-0.011189406,1227
963,400122,2020,0.24183962,-0.034518026,1249
964,400122,2018,0.43421847,-0.026377607,1216
965,400122,2021,0.49693447,-0.022247668,1364
966,400129,2022,2.8356316,0.10573609,1494
967,400129,2019,0.35167524,-0.037761036,1569
968,400129,2017,0.66235983,-0.019083075,1529
969,400129,2020,0.8959731,-0.004446406,1444
970,400129,2018,0.37369907,-0.03682812,1574
971,400129,2021,1.4357787,0.027097575,1565
972,400219,2022,1.0738527,0.0074822437,2209
973,400219,2019,0.6633787,-0.021306682,2213
974,400219,2017,0.8484608,-0.008103173,2161
975,400219,2020,0.43013954,-0.037496347,2165
976,400219,2018,0.82732636,-0.010013475,2169
977,400219,2021,0.9169939,-0.0039355494,2227
978,400220,2022,1.101171,0.008342187,1336
979,400220,2019,0.51989216,-0.028589357,1242
980,400220,2017,0.9348867,-0.0024532105,1245
981,400220,2020,0.37939045,-0.037059702,1197
982,400220,2018,0.7060954,-0.01636441,1243
983,400220,2021,0.7616723,-0.012803182,1312
984,400259,2022,1.2272495,0.020912334,1372
985,400259,2019,0.7742772,-0.015439806,1298
986,400259,2017,0.9885293,0.0028898916,1210
987,400259,2020,0.6012729,-0.029703474,1281
988,400259,2018,1.2270706,0.021742415,1210
989,400259,2021,1.08804,0.009506382,1368
990,400270,2022,1.2864232,0.019608725,1860
991,400270,2019,0.52538246,-0.027911192,1751
992,400270,2017,0.61728483,-0.023483938,1673
993,400270,2020,0.35639063,-0.038877513,1741
994,400270,2018,1.0968361,0.0069938553,1687
995,400270,2021,0.7926616,-0.011526362,1860
996,400280,2022,5.3161516,0.14550538,599
997,400280,2019,4.467157,0.08681347,593
998,400280,2017,45.89575,0.92143905,591
999,400280,2020,5.9481664,0.13984591,539
1000,400280,2018,7.705627,0.14185977,643
1001,400280,2021,4.292255,0.10352968,622
1002,400300,2022,2.7681801,0.086152,1343
1003,400300,2019,3.5645614,0.15056108,1426
1004,400300,2017,1.4056193,0.026612092,1445
1005,400300,2020,1.4641556,0.025522621,1321
1006,400300,2018,3.8129961,0.19236024,1370
1007,400300,2021,2.1296794,0.05972898,1409
1008,410150,2022,0.5521977,-0.016169833,874
1009,410150,2019,0.33892226,-0.024666905,894
1010,410150,2017,1.2092398,0.009042509,975
1011,410150,2020,0.27672982,-0.026815217,835
1012,410150,2018,0.6402016,-0.013009798,941
1013,410150,2021,0.7189303,-0.009847888,876
1014,410210,2022,0.44132155,-0.021661585,522
1015,410210,2019,0.6027364,-0.014745273,512
1016,410210,2017,1.0784942,0.0039734174,589
1017,410210,2020,0.42672366,-0.021816153,436
1018,410210,2018,0.9617157,-0.0005698485,560
1019,410210,2021,0.660349,-0.012577131,536
1020,430110,2022,0.4498602,-0.025480025,275
1021,430110,2019,0.15597267,-0.042035457,366
1022,430110,2017,0.2703647,-0.03729683,412
1023,430110,2020,0.06881856,-0.045405444,324
1024,430110,2018,0.1824194,-0.041163437,393
1025,430110,2021,0.14148816,-0.040891618,329
1026,440320,2022,1.4384578,0.019137025,1081
1027,440320,2019,1.4089,0.0196208,1088
1028,440320,2017,1.7726852,0.035988394,1030
1029,440320,2020,1.2977344,0.014094702,990
1030,440320,2018,1.5836154,0.028173806,1137
1031,440320,2021,2.3483677,0.061116792,1092
1032,440399,2022,0.59276015,-0.01850847,1700
1033,440399,2019,0.43040505,-0.027830863,1692
1034,440399,2017,0.5757979,-0.020050297,1720
1035,440399,2020,0.44591385,-0.027024947,1554
1036,440399,2018,0.7242736,-0.012563434,1742
1037,440399,2021,0.5581047,-0.020337595,1725
1038,440710,2022,2.5630069,0.025790103,3125
1039,440710,2019,0.9270642,-0.0012288695,3149
1040,440710,2017,0.22653894,-0.014669409,2980
1041,440710,2020,1.6597412,0.012784236,2976
1042,440710,2018,1.4102712,0.007811302,3127
1043,440710,2021,4.378321,0.06527386,3189
1044,440729,2022,2.7068667,0.019623207,2184
1045,440729,2019,3.5339522,0.021967195,2469
1046,440729,2017,49.40987,1.9575341,2455
1047,440729,2020,3.3531225,0.02289491,2158
1048,440729,2018,8.647236,0.05316795,2455
1049,440729,2021,3.2486396,0.024028331,2301
1050,440839,2022,4.712427,0.12958358,1270
1051,440839,2019,1.2570704,0.01618198,1386
1052,440839,2017,1.1289592,0.008962358,1415
1053,440839,2020,4.2164893,0.17268091,1314
1054,440839,2018,1.1022816,0.008157986,1398
1055,440839,2021,4.08096,0.1187658,1386
1056,470100,2022,1.1654124,0.020043733,530
1057,470100,2019,0.39506897,-0.054031026,508
1058,470100,2017,0.755734,-0.018441334,506
1059,470100,2020,0.36633083,-0.056256402,477
1060,470100,2018,0.9009464,-0.0043963185,507
1061,470100,2021,0.64081925,-0.029727412,504
1062,470200,2022,3.7922113,0.28703806,548
1063,470200,2019,1.8718688,0.10637946,480
1064,470200,2017,2.0985765,0.1302457,406
1065,470200,2020,1.7240633,0.094315484,526
1066,470200,2018,1.7330049,0.09113462,457
1067,470200,2021,3.1326802,0.2608013,525
1068,470311,2022,4.2006655,0.4181012,482
1069,470311,2019,1.9542105,0.11850952,383
1070,470311,2017,1.4969145,0.09641336,347
1071,470311,2020,1.5965799,0.07455757,383
1072,470311,2018,4.0999274,0.53822595,350
1073,470311,2021,3.0795166,0.2520681,434
1074,470329,2022,2.3519769,0.068287455,918
1075,470329,2019,2.7742872,0.09364902,884
1076,470329,2017,2.6876755,0.124788575,828
1077,470329,2020,1.9713185,0.049183276,854
1078,470329,2018,4.058818,0.20550704,829
1079,470329,2021,2.0835779,0.054237712,871
1080,470500,2022,1.1701986,0.010746616,508
1081,470500,2019,1.3785896,0.020538298,464
1082,470500,2017,2.2011187,0.08324117,434
1083,470500,2020,1.4436337,0.028228518,419
1084,470500,2018,2.062498,0.061850585,420
1085,470500,2021,1.0292115,0.0054848283,477
1086,470710,2022,0.4882777,-0.015207286,1484
1087,470710,2019,0.44935793,-0.016841333,1566
1088,470710,2017,1.0172908,0.0016643485,1583
1089,470710,2020,0.3848508,-0.018835679,1517
1090,470710,2018,1.1085956,0.004050248,1554
1091,470710,2021,0.54197943,-0.013571562,1561
1092,470720,2022,3.5585337,0.12393475,833
1093,470720,2019,1.5515863,0.030591192,963
1094,470720,2017,1.3170578,0.016959088,930
1095,470720,2020,1.1706483,0.012712882,875
1096,470720,2018,1.8134614,0.04586928,962
1097,470720,2021,1.9647497,0.051631335,857
1098,520300,2022,0.16673891,-0.012801202,1256
1099,520300,2019,5.7989755,0.07079347,1351
1100,520300,2017,1.0148526,0.0005226289,1304
1101,520300,2020,0.14727679,-0.013520624,1225
1102,520300,2018,14.396185,0.26756665,1298
1103,520300,2021,0.29174393,-0.010999323,1297
1104,550110,2022,1.6949444,0.03902134,579
1105,550110,2019,1.4442916,0.025528343,735
1106,550110,2017,0.9086182,-0.0042212936,787
1107,550110,2020,1.0695865,0.004959262,678
1108,550110,2018,1.0182081,0.001946409,821
1109,550110,2021,1.211943,0.012957694,728
1110,550320,2022,0.84855306,-0.010354426,2057
1111,550320,2019,0.838073,-0.010533809,1954
1112,550320,2017,0.9217853,-0.0041174297,1842
1113,550320,2020,0.5050409,-0.040323734,1926
1114,550320,2018,1.1900959,0.018908685,1903
1115,550320,2021,0.81735677,-0.013074501,2100
1116,550690,2022,0.41315532,-0.045131683,555
1117,550690,2019,0.5791646,-0.03272759,458
1118,550690,2017,0.4572267,-0.041902218,487
1119,550690,2020,0.40215984,-0.04703778,482
1120,550690,2018,1.0493783,0.004479941,485
1121,550690,2021,0.35270587,-0.0501485,535
1122,570110,2022,0.8896035,-0.0029812977,2679
1123,570110,2019,0.40111518,-0.024299823,2733
1124,570110,2017,0.41486087,-0.02458353,2702
1125,570110,2020,0.42412645,-0.022807958,2483
1126,570110,2018,0.42925602,-0.023516348,2748
1127,570110,2021,0.6153735,-0.01477488,2698
1128,580410,2022,1.284541,0.010041683,2135
1129,580410,2019,1.3765022,0.013363967,2246
1130,580410,2017,1.4304975,0.015596265,2222
1131,580410,2020,0.90099525,-0.003383942,2077
1132,580410,2018,1.3428998,0.012380774,2248
1133,580410,2021,0.7992393,-0.0068047126,2150
1134,590310,2022,1.066495,0.0038317158,3208
1135,590310,2019,1.0182421,0.0014839638,3319
1136,590310,2017,1.2151954,0.012383953,3257
1137,590310,2020,0.68764585,-0.016489027,3187
1138,590310,2018,1.2876849,0.015703771,3329
1139,590310,2021,1.1213329,0.006441887,3326
1140,590320,2022,2.089724,0.053632405,3351
1141,590320,2019,0.9992824,0.00024042446,3267
1142,590320,2017,1.0466018,0.0026421698,3124
1143,590320,2020,0.92316145,-0.005059768,3211
1144,590320,2018,1.1364679,0.0073010833,3186
1145,590320,2021,1.3532381,0.017642159,3334
1146,590500,2022,1.0174719,0.004958547,1612
1147,590500,2019,0.68174225,-0.018196035,1670
1148,590500,2017,0.7800507,-0.011697238,1565
1149,590500,2020,0.79852754,-0.010404333,1574
1150,590500,2018,0.6775271,-0.017894857,1568
1151,590500,2021,0.8463678,-0.007489582,1674
1152,600632,2022,3.54233,0.053506214,3141
1153,600632,2019,3.0580916,0.039103955,2841
1154,600632,2017,5.446814,0.14447744,2821
1155,600632,2020,1.5960953,0.011704242,2796
1156,600632,2018,4.3498015,0.06889659,2822
1157,600632,2021,2.6994758,0.034287035,2930
1158,610510,2022,0.95668966,-0.0014851501,7192
1159,610510,2019,0.7780304,-0.009173722,7148
1160,610510,2017,0.6910364,-0.012865011,6979
1161,610510,2020,0.43559474,-0.024009043,6917
1162,610510,2018,0.77241826,-0.009333472,7135
1163,610510,2021,0.5473011,-0.018942544,7345
1164,611020,2022,1.1131362,0.0022181426,8736
1165,611020,2019,0.8338679,-0.0031124696,7958
1166,611020,2017,0.7981203,-0.003674534,7596
1167,611020,2020,0.58631396,-0.0077974014,8009
1168,611020,2018,0.8711723,-0.0022793482,7835
1169,611020,2021,0.98542494,-0.00019246967,8639
1170,620342,2022,1.4657537,0.013334258,8675
1171,620342,2019,1.0534779,0.0016500084,8541
1172,620342,2017,1.0638965,0.0020489455,8346
1173,620342,2020,0.64868635,-0.009866158,8435
1174,620342,2018,1.1124122,0.0034762893,8421
1175,620342,2021,0.96945095,-0.0006851797,8866
1176,630510,2022,0.7776715,-0.007145155,2319
1177,630510,2019,0.44883668,-0.018327255,2279
1178,630510,2017,1.2521205,0.008538779,2263
1179,630510,2020,0.53509456,-0.015363791,2174
1180,630510,2018,0.9338917,-0.0020287975,2218
1181,630510,2021,0.44379702,-0.018315896,2374
1182,630790,2022,0.61516327,-0.0017311553,10274
1183,630790,2019,1.9205415,0.011175878,9805
1184,630790,2017,1.7437254,0.0094985375,9470
1185,630790,2020,62.755768,0.7317025,11538
1186,630790,2018,1.9164624,0.011484047,9660
1187,630790,2021,0.74391973,-0.0011296333,11065
1188,700239,2022,0.6401356,-0.019504445,1286
1189,700239,2019,0.34944335,-0.03569134,1338
1190,700239,2017,0.38271168,-0.03420362,1299
1191,700239,2020,0.68263274,-0.016701274,1214
1192,700239,2018,0.34470892,-0.03617322,1315
1193,700239,2021,0.66910285,-0.017416058,1338
1194,700529,2022,1.4689144,0.023031164,2513
1195,700529,2019,0.769897,-0.010425944,2716
1196,700529,2017,0.54506326,-0.02041113,2620
1197,700529,2020,0.66594124,-0.01515178,2556
1198,700529,2018,0.739748,-0.011560513,2649
1199,700529,2021,1.0673971,0.0037355775,2665
1200,700800,2022,1.4851266,0.024579799,2147
1201,700800,2019,1.4990419,0.024848048,2252
1202,700800,2017,1.1214097,0.0066838996,2209
1203,700800,2020,1.5071094,0.025356615,2137
1204,700800,2018,1.2808791,0.014154498,2283
1205,700800,2021,1.7068068,0.034579918,2206
1206,701090,2022,2.2017655,0.051812492,6178
1207,701090,2019,1.3530495,0.015510954,6044
1208,701090,2017,1.300547,0.013530264,5820
1209,701090,2020,1.3600415,0.016026778,5830
1210,701090,2018,1.4784209,0.021305474,5932
1211,701090,2021,1.7892408,0.034496967,6199
1212,710110,2022,0.0070142183,-0.014131997,616
1213,710110,2019,0.019336643,-0.0151776085,570
1214,710110,2017,0.01566781,-0.016186751,537
1215,710110,2020,0.0072870543,-0.014897142,511
1216,710110,2018,0.014395756,-0.015717909,546
1217,710110,2021,0.011430137,-0.014464449,609
1218,710210,2022,0.41559523,-0.041695084,229
1219,710210,2019,0.81725013,-0.011361431,267
1220,710210,2017,1.4980351,0.04140557,295
1221,710210,2020,0.201069,-0.059643272,241
1222,710210,2018,1.5456226,0.045796264,278
1223,710210,2021,0.5513453,-0.030757528,254
1224,710310,2022,0.33864096,-0.0106922705,2358
1225,710310,2019,0.2347345,-0.012906285,1813
1226,710310,2017,1.4462961,0.007278928,1738
1227,710310,2020,0.034370005,-0.016016519,1863
1228,710310,2018,0.47832492,-0.00883684,1688
1229,710310,2021,0.64409685,-0.0057228855,2225
1230,710811,2022,1.2125794,0.005518763,449
1231,710811,2019,0.2505169,-0.019588372,414
1232,710811,2017,0.11072625,-0.024631517,358
1233,710811,2020,0.33440387,-0.017013995,404
1234,710811,2018,0.056606524,-0.025431331,363
1235,710811,2021,0.12362445,-0.022238921,378
1236,710812,2022,1.1161016,0.004305105,1684
1237,710812,2019,0.52991754,-0.013786296,1604
1238,710812,2017,0.5902275,-0.011725939,1514
1239,710812,2020,1.0707982,0.0026663528,1538
1240,710812,2018,0.6069702,-0.011099809,1487
1241,710812,2021,1.20591,0.007005646,1599
1242,710900,2022,5.7211566,0.083636984,649
1243,710900,2019,0.2632352,-0.011774671,584
1244,710900,2017,0.77297455,-0.008901295,554
1245,710900,2020,0.37614256,-0.009788783,592
1246,710900,2018,31.481358,1.232855,584
1247,710900,2021,3.0358427,0.03178168,690
1248,720110,2022,2.0723472,0.047050364,767
1249,720110,2019,0.6127763,-0.015869137,753
1250,720110,2017,0.9821482,0.0013977804,731
1251,720110,2020,0.72048223,-0.010975428,745
1252,720110,2018,1.4174533,0.01972799,744
1253,720110,2021,1.8096502,0.038673885,785
1254,720230,2022,2.0876992,0.08435249,862
1255,720230,2019,0.72643036,-0.01726014,781
1256,720230,2017,0.88630164,-0.0046470826,832
1257,720230,2020,0.42949516,-0.038739387,803
1258,720230,2018,1.043464,0.0060009714,754
1259,720230,2021,1.3196498,0.025312016,909
1260,720241,2022,2.190039,0.08669534,757
1261,720241,2019,1.0742629,0.0074173138,766
1262,720241,2017,1.3356432,0.023930736,757
1263,720241,2020,1.0287685,0.0037078536,741
1264,720241,2018,1.2170433,0.016761972,756
1265,720241,2021,1.6654841,0.048205692,742
1266,720270,2022,1.8393346,0.055871185,574
1267,720270,2019,0.61106,-0.021771032,585
1268,720270,2017,0.22564518,-0.046112143,572
1269,720270,2020,0.23609114,-0.04557992,572
1270,720270,2018,0.7974425,-0.009925287,548
1271,720270,2021,1.6447496,0.042368386,584
1272,720310,2022,2.76798,0.13485743,549
1273,720310,2019,3.4906354,0.20385897,518
1274,720310,2017,2.116899,0.10836326,470
1275,720310,2020,2.2180324,0.09682626,501
1276,720310,2018,2.4592328,0.12249766,504
1277,720310,2021,5.567076,0.36830705,486
1278,720449,2022,1.4936063,0.027368031,2044
1279,720449,2019,0.65666276,-0.016025651,2133
1280,720449,2017,0.7993112,-0.008674256,2047
1281,720449,2020,0.672685,-0.015386012,2039
1282,720449,2018,0.92835903,-0.002647953,2134
1283,720449,2021,1.7323965,0.038621325,2134
1284,720610,2022,0.07067432,-0.018774802,629
1285,720610,2019,0.4253531,-0.010577507,588
1286,720610,2017,0.21699598,-0.015149771,540
1287,720610,2020,0.59191656,-0.007412153,544
1288,720610,2018,0.32497108,-0.012415294,586
1289,720610,2021,2.278989,0.02447906,598
1290,720918,2022,0.4952982,-0.030544957,751
1291,720918,2019,0.38718435,-0.037545312,814
1292,720918,2017,0.4949139,-0.03002456,765
1293,720918,2020,0.25313196,-0.045321073,761
1294,720918,2018,0.56003064,-0.02644694,788
1295,720918,2021,0.7122958,-0.016591879,788
1296,721012,2022,5.1998696,0.38368952,1283
1297,721012,2019,1.1004759,0.007749237,1507
1298,721012,2017,1.2929912,0.030866625,1468
1299,721012,2020,1.0562613,0.007485223,1456
1300,721012,2018,1.272525,0.027923293,1484
1301,721012,2021,1.6536313,0.060844,1497
1302,721011,2022,1.5789798,0.046185583,789
1303,721011,2019,0.5027738,-0.040353995,894
1304,721011,2017,0.44570222,-0.045688096,859
1305,721011,2020,0.3714051,-0.051653836,890
1306,721011,2018,1.147366,0.013381285,895
1307,721011,2021,0.5956759,-0.03264265,917
1308,721420,2022,0.6749421,-0.0047063134,1915
1309,721420,2019,0.29573423,-0.010297212,2008
1310,721420,2017,0.2345135,-0.0114375595,1954
1311,721420,2020,0.46074137,-0.0077716717,1876
1312,721420,2018,0.35753387,-0.0094781,2003
1313,721420,2021,1.5453519,0.00807065,1967
1314,730810,2022,3.29181,0.13874747,1486
1315,730810,2019,1.6144694,0.035416435,1590
1316,730810,2017,1.1639616,0.009517402,1686
1317,730810,2020,1.0511304,0.0032484576,1521
1318,730810,2018,1.0654279,0.003963025,1673
1319,730810,2021,1.8647825,0.051957414,1567
1320,730890,2022,2.615566,0.05298665,7118
1321,730890,2019,1.4596637,0.013786842,7692
1322,730890,2017,2.402091,0.051504344,7635
1323,730890,2020,1.3144823,0.0098565845,7191
1324,730890,2018,1.4000288,0.011623359,7709
1325,730890,2021,1.895455,0.02817887,7308
1326,731100,2022,2.320235,0.07009025,4834
1327,731100,2019,1.1923664,0.010903561,5141
1328,731100,2017,1.1668987,0.009357589,5003
1329,731100,2020,1.2138001,0.0117705595,4804
1330,731100,2018,1.2744938,0.014661737,5109
1331,731100,2021,1.875473,0.0461584,4922
1332,731511,2022,2.0496,0.056794394,4692
1333,731511,2019,1.0213892,0.0017957134,4660
1334,731511,2017,1.1875304,0.009662849,4477
1335,731511,2020,0.9363186,-0.0028791002,4598
1336,731511,2018,1.3565346,0.018990396,4573
1337,731511,2021,1.7690462,0.041066024,4796
1338,731829,2022,1.4075255,0.018310482,7593
1339,731829,2019,1.1079953,0.0049604084,7822
1340,731829,2017,1.2089546,0.009551574,7481
1341,731829,2020,0.8103042,-0.00776392,7580
1342,731829,2018,1.2850417,0.012608444,7618
1343,731829,2021,1.1594455,0.007507608,7785
1344,740200,2022,3.9743636,0.1510391,937
1345,740200,2019,1.913495,0.04891249,1030
1346,740200,2017,2.5245852,0.094516605,974
1347,740200,2020,2.1034381,0.05881326,952
1348,740200,2018,2.735579,0.09862797,1021
1349,740200,2021,3.0057108,0.10543076,1003
1350,740311,2022,2.0632136,0.06084583,873
1351,740311,2019,0.8229671,-0.00650401,908
1352,740311,2017,0.916117,-0.0016056955,891
1353,740311,2020,1.2844261,0.017643524,861
1354,740311,2018,1.1578494,0.0074319267,923
1355,740311,2021,1.9572877,0.051246814,908
1356,740400,2022,1.5654682,0.018899936,2423
1357,740400,2019,0.45669147,-0.015166063,2665
1358,740400,2017,0.9157325,-0.0013310226,2482
1359,740400,2020,0.327861,-0.01919643,2631
1360,740400,2018,0.67329466,-0.008609881,2541
1361,740400,2021,1.2952616,0.010132534,2598
1362,740610,2022,0.9394894,-0.0009931579,981
1363,740610,2019,2.1840665,0.024207713,915
1364,740610,2017,0.39046776,-0.011780133,901
1365,740610,2020,7.985536,0.15085337,876
1366,740610,2018,1.0360241,0.00096371636,895
1367,740610,2021,2.8998063,0.039195187,971
1368,740710,2022,0.4799419,-0.020095237,2340
1369,740710,2019,0.27387974,-0.029178858,2344
1370,740710,2017,0.49636278,-0.020336488,2246
1371,740710,2020,0.2762865,-0.028590916,2223
1372,740710,2018,0.41478586,-0.02353267,2314
1373,740710,2021,0.5406734,-0.017767474,2317
1374,740819,2022,1.4992855,0.026132727,2108
1375,740819,2019,1.8865721,0.045119703,2137
1376,740819,2017,2.2349486,0.07415971,2001
1377,740819,2020,0.7158451,-0.013336701,2068
1378,740819,2018,2.8823333,0.10701483,2085
1379,740819,2021,2.1881137,0.058313865,2159
1380,740939,2022,0.7411711,-0.012031791,961
1381,740939,2019,0.30537006,-0.032254096,964
1382,740939,2017,0.4200536,-0.027308738,1059
1383,740939,2020,0.867061,-0.005822402,951
1384,740939,2018,0.38977167,-0.02863875,1007
1385,740939,2021,1.2327367,0.011457907,998
1386,741510,2022,0.6284397,-0.01252586,1734
1387,741510,2019,0.89547664,-0.0032298514,1793
1388,741510,2017,1.0764593,0.0026196162,1861
1389,741510,2020,0.7094688,-0.009384211,1698
1390,741510,2018,1.1449667,0.0048623765,1829
1391,741510,2021,1.1261182,0.0044884747,1706
1392,750300,2022,1.4927028,0.024304505,716
1393,750300,2019,1.6100303,0.05117613,687
1394,750300,2017,1.0272995,0.008309736,643
1395,750300,2020,4.0157557,0.23593013,680
1396,750300,2018,1.7218451,0.06196464,690
1397,750300,2021,0.59569603,-0.016420525,712
1398,750400,2022,7.639225,0.24688606,1049
1399,750400,2019,3.3552525,0.12501514,1003
1400,750400,2017,0.8312482,-0.0080422945,960
1401,750400,2020,1.6922297,0.031714454,984
1402,750400,2018,2.46475,0.08143892,1015
1403,750400,2021,5.1388574,0.18873195,1045
1404,750511,2022,0.019743951,-0.026967444,507
1405,750511,2019,0.024926301,-0.029491398,486
1406,750511,2017,0.021721905,-0.031724967,427
1407,750511,2020,0.04957405,-0.027775152,479
1408,750511,2018,0.055020746,-0.029654033,466
1409,750511,2021,0.021682316,-0.027717508,483
1410,760110,2022,2.3972778,0.069894336,1642
1411,760110,2019,0.8650393,-0.0056944783,1629
1412,760110,2017,1.1965152,0.012371899,1662
1413,760110,2020,1.111932,0.0068758186,1525
1414,760110,2018,0.99396217,0.0011514026,1661
1415,760110,2021,1.8750293,0.046991725,1650
1416,760120,2022,2.5266266,0.057975415,2606
1417,760120,2019,0.8521323,-0.0047659967,2329
1418,760120,2017,1.0702734,0.0035843153,2289
1419,760120,2020,0.585535,-0.0154634565,2320
1420,760120,2018,1.4288994,0.017412405,2274
1421,760120,2021,1.9416978,0.037666056,2535
1422,760200,2022,1.4110463,0.011756987,2610
1423,760200,2019,0.4114093,-0.01483741,2666
1424,760200,2017,0.8329936,-0.0038418323,2480
1425,760200,2020,0.35726455,-0.01612064,2640
1426,760200,2018,0.660492,-0.0084995255,2625
1427,760200,2021,1.1794151,0.0055601853,2706
1428,760410,2022,0.08234572,-0.0094905775,3299
1429,760410,2019,0.034318473,-0.010915503,3525
1430,760410,2017,0.34600186,-0.0073734387,3522
1431,760410,2020,0.032800004,-0.010545605,3359
1432,760410,2018,0.73251414,-0.0029401216,3599
1433,760410,2021,0.07607965,-0.00981236,3448
1434,760429,2022,1.9384702,0.027788658,4964
1435,760429,2019,0.6661481,-0.008768805,5133
1436,760429,2017,0.67088795,-0.008555334,4898
1437,760429,2020,0.5615372,-0.011914009,4891
1438,760429,2018,1.1281008,0.0038427073,5022
1439,760429,2021,1.2408992,0.0059577483,5015
1440,760611,2022,0.86836743,-0.004596562,2939
1441,760611,2019,0.5231012,-0.01863512,2981
1442,760611,2017,0.39198685,-0.02432104,3023
1443,760611,2020,0.22479375,-0.031240217,2808
1444,760611,2018,1.5377619,0.022090513,2993
1445,760611,2021,0.45662454,-0.021302523,2960
1446,760612,2022,2.7899563,0.08642234,3531
1447,760612,2019,1.1655592,0.008083809,3656
1448,760612,2017,1.6252466,0.028368369,3575
1449,760612,2020,0.86517155,-0.00569159,3490
1450,760612,2018,1.602822,0.027198125,3566
1451,760612,2021,1.656483,0.031337198,3623
1452,780110,2022,1.746155,0.061482962,873
1453,780110,2019,1.2507014,0.020540047,1088
1454,780110,2017,2.3442113,0.10537649,1052
1455,780110,2020,0.84112346,-0.009861047,958
1456,780110,2018,1.8837446,0.068333514,1043
1457,780110,2021,1.3060148,0.026126884,964
1458,780200,2022,2.1408281,0.086838,573
1459,780200,2019,1.3426613,0.025285354,639
1460,780200,2017,1.7000465,0.042199407,705
1461,780200,2020,1.1590915,0.013968095,558
1462,780200,2018,1.467801,0.032473415,695
1463,780200,2021,2.0236077,0.072684504,582
1464,790111,2022,1.3905659,0.021498285,1161
1465,790111,2019,1.5446914,0.029457508,1177
1466,790111,2017,1.360703,0.017833112,1192
1467,790111,2020,1.1628631,0.009292964,1141
1468,790111,2018,1.7794389,0.039306372,1181
1469,790111,2021,1.2867526,0.015697133,1136
1470,790200,2022,1.7502447,0.05335781,766
1471,790200,2019,0.91142786,0.0030775184,777
1472,790200,2017,0.6530907,-0.019651886,747
1473,790200,2020,2.3259115,0.12076236,749
1474,790200,2018,0.7261226,-0.014034819,800
1475,790200,2021,0.58480716,-0.021124382,779
1476,800110,2022,2.1057389,0.06512213,968
1477,800110,2019,0.70338094,-0.013476714,1029
1478,800110,2017,0.8954451,-0.0033025548,971
1479,800110,2020,0.36316234,-0.031649552,979
1480,800110,2018,0.78746265,-0.00887688,942
1481,800110,2021,1.7771918,0.045543663,1004
1482,800200,2022,1.2252252,0.011816044,449
1483,800200,2019,0.18289171,-0.03752624,381
1484,800200,2017,0.6092305,-0.017334396,439
1485,800200,2020,0.20896271,-0.035738233,343
1486,800200,2018,0.2920018,-0.033166192,446
1487,800200,2021,0.56319743,-0.018899981,396
1488,810110,2022,1.8120803,0.056228694,597
1489,810110,2019,1.0735236,0.007340418,599
1490,810110,2017,0.5294682,-0.027428756,590
1491,810110,2020,0.6609718,-0.019917917,544
1492,810110,2018,1.2782336,0.020281643,606
1493,810110,2021,0.97446316,0.0007011627,574
1494,810194,2022,3.6461904,0.12733589,480
1495,810194,2019,2.6592906,0.081644185,518
1496,810194,2017,0.9480657,-0.0031459096,537
1497,810194,2020,1.2743744,0.013730958,521
1498,810194,2018,3.9253688,0.22009453,547
1499,810194,2021,2.242444,0.061023463,544
1500,810830,2022,0.8597913,-0.0011999904,566
1501,810830,2019,0.99465567,0.009409271,494
1502,810830,2017,0.56487674,-0.03348932,470
1503,810830,2020,0.25696605,-0.066843964,491
1504,810830,2018,0.7809053,-0.014088363,474
1505,810830,2021,0.25760874,-0.06734791,536
1506,811292,2022,0.70445585,-0.013533338,618
1507,811292,2019,0.35973322,-0.032182563,618
1508,811292,2017,0.32514834,-0.03404507,579
1509,811292,2020,0.22997649,-0.038103443,586
1510,811292,2018,0.6314705,-0.018041011,643
1511,811292,2021,0.37699184,-0.030384742,595
1512,811300,2022,2.0837874,0.03752841,1387
1513,811300,2019,1.8885188,0.029629804,1392
1514,811300,2017,2.585856,0.0687568,1301
1515,811300,2020,1.2628243,0.009734258,1388
1516,811300,2018,4.504067,0.14388116,1349
1517,811300,2021,2.3040073,0.046688702,1435
1518,820210,2022,1.1940581,0.008709205,3758
1519,820210,2019,0.8054768,-0.007518551,3912
1520,820210,2017,1.0708324,0.0034261546,3930
1521,820210,2020,0.8837481,-0.004176041,3672
1522,820210,2018,1.0893389,0.0040283273,3954
1523,820210,2021,1.3636227,0.015513579,3799
1524,820320,2022,2.1118243,0.018484637,6422
1525,820320,2019,1.6674743,0.011543276,6489
1526,820320,2017,1.5938488,0.010888191,6333
1527,820320,2020,1.6635478,0.011271126,6171
1528,820320,2018,1.9147818,0.016371967,6407
1529,820320,2021,2.1634626,0.01964348,6521
1530,820411,2022,1.9440835,0.019381944,6126
1531,820411,2019,1.4866953,0.009870592,6218
1532,820411,2017,1.3738521,0.008085297,6059
1533,820411,2020,1.2162658,0.004535177,5890
1534,820411,2018,1.7521087,0.01594378,6100
1535,820411,2021,1.9311692,0.019019611,6220
1536,820420,2022,2.2296538,0.026205573,5155
1537,820420,2019,1.2471262,0.005648843,5184
1538,820420,2017,0.8063743,-0.004131817,5052
1539,820420,2020,1.3045689,0.0068709343,4909
1540,820420,2018,1.0239652,0.0006869273,5154
1541,820420,2021,2.1409497,0.025480155,5106
1542,820530,2022,0.6281489,-0.002372625,3133
1543,820530,2019,0.2612817,-0.0048296177,3248
1544,820530,2017,0.23095053,-0.005204681,3203
1545,820530,2020,0.32720932,-0.004345419,3020
1546,820530,2018,0.2937678,-0.004680906,3194
1547,820530,2021,0.5553894,-0.0028271012,3181
1548,820540,2022,2.2066019,0.029647058,5332
1549,820540,2019,1.5519179,0.013740946,5351
1550,820540,2017,1.4187088,0.0112589905,5205
1551,820540,2020,1.4595361,0.0114390515,4998
1552,820540,2018,1.90583,0.023737151,5276
1553,820540,2021,2.179181,0.029276729,5349
1554,831000,2022,2.1794717,0.038573388,5483
1555,831000,2019,1.4388254,0.015622361,5515
1556,831000,2017,1.1854258,0.0069097835,5436
1557,831000,2020,1.0325568,0.0012456697,5259
1558,831000,2018,1.3650545,0.01330682,5513
1559,831000,2021,1.875597,0.030397374,5464
1560,840390,2022,1.6024498,0.03723626,2423
1561,840390,2019,1.2590479,0.019594122,2430
1562,840390,2017,1.1880001,0.012920974,2377
1563,840390,2020,1.3792192,0.02567696,2280
1564,840390,2018,1.4516761,0.03072908,2382
1565,840390,2021,1.6794782,0.042487305,2458
1566,841330,2022,1.2596518,0.009178955,7634
1567,841330,2019,1.2725198,0.010277824,7788
1568,841330,2017,1.4972484,0.019973336,7695
1569,841330,2020,0.9854746,-7.5892814e-05,7611
1570,841330,2018,1.5441084,0.021373121,7705
1571,841330,2021,1.2184478,0.008248715,7887
1572,841391,2022,1.4286028,0.013876173,8360
1573,841391,2019,1.1363304,0.0045509003,8773
1574,841391,2017,1.2679904,0.008440889,8524
1575,841391,2020,0.880349,-0.0034351987,8459
1576,841391,2018,1.4193451,0.013593823,8660
1577,841391,2021,1.1405545,0.004745303,8610
1578,841780,2022,2.9988508,0.06849503,2235
1579,841780,2019,2.7226987,0.10798479,2338
1580,841780,2017,1.1976506,0.013348107,2385
1581,841780,2020,2.2379332,0.0575217,2166
1582,841780,2018,1.1840734,0.012320656,2489
1583,841780,2021,2.4542174,0.05748925,2262
1584,841990,2022,1.4709114,0.024593905,6362
1585,841990,2019,0.91684955,-0.0033375244,6367
1586,841990,2017,0.90220124,-0.0037780371,6195
1587,841990,2020,0.8762841,-0.0053097624,6107
1588,841990,2018,0.95379406,-0.001048205,6244
1589,841990,2021,1.0790559,0.0048159272,6345
1590,392010,2022,2.3619685,0.039869815,5958
1591,392010,2019,1.2519292,0.008533884,6116
1592,392010,2017,1.3830346,0.0138729485,5886
1593,392010,2020,1.3656801,0.0119880345,5917
1594,392010,2018,1.4456476,0.015410989,6009
1595,392010,2021,2.125502,0.03537924,6111
1596,392321,2022,1.7523149,0.021194376,6572
1597,392321,2019,1.1607747,0.004492877,6928
1598,392321,2017,1.3477489,0.009856044,7087
1599,392321,2020,1.261549,0.0072598234,6616
1600,392321,2018,1.507745,0.014105849,7023
1601,392321,2021,1.52788,0.01497007,6722
1602,392329,2022,2.7058997,0.044977497,7097
1603,392329,2019,1.4421377,0.012658646,7628
1604,392329,2017,1.3754683,0.01189229,7649
1605,392329,2020,1.7769743,0.021538757,7238
1606,392329,2018,1.6645293,0.020317862,7557
1607,392329,2021,2.4664924,0.040135577,7393
1608,392390,2022,2.6365316,0.046506193,7253
1609,392390,2019,1.5853591,0.017025981,7523
1610,392390,2017,1.4026862,0.011711474,7230
1611,392390,2020,1.5916051,0.01665284,7209
1612,392390,2018,1.5166085,0.015170463,7394
1613,392390,2021,2.0773091,0.031376015,7517
1614,481910,2022,1.6743171,0.016260983,7237
1615,481910,2019,1.2081583,0.0049182507,7237
1616,481910,2017,1.2099998,0.0047513302,7029
1617,481910,2020,1.1376863,0.0033230314,7031
1618,481910,2018,1.2808871,0.0064631156,7130
1619,481910,2021,1.6100652,0.014341246,7295
1620,481920,2022,1.5335666,0.01982309,6786
1621,481920,2019,1.0733213,0.0028696286,6867
1622,481920,2017,1.0817019,0.0032969788,6606
1623,481920,2020,1.1091574,0.004132645,6569
1624,481920,2018,1.1711776,0.0067451987,6724
1625,481920,2021,1.2917601,0.011309158,6889
1626,271210,2022,0.61656797,-0.005672845,2236
1627,271210,2019,0.26056343,-0.011300613,2292
1628,271210,2017,0.27351204,-0.011397372,2206
1629,271210,2020,0.3060668,-0.010436164,2183
1630,271210,2018,0.41064453,-0.0090818135,2211
1631,271210,2021,0.46818134,-0.007902186,2251
1632,271320,2022,4.115952,0.15190919,1291
1633,271320,2019,1.1344118,0.007431136,1315
1634,271320,2017,0.98759824,2.5474395e-05,1221
1635,271320,2020,0.70999444,-0.013050864,1328
1636,271320,2018,1.2783161,0.013541161,1271
1637,271320,2021,1.7377131,0.036133543,1275
1638,271500,2022,0.3865988,-0.0085043665,2122
1639,271500,2019,0.3261092,-0.009068822,2312
1640,271500,2017,5.334928,0.055253327,2241
1641,271500,2020,0.47342592,-0.0069800443,2141
1642,271500,2018,0.38085875,-0.008405354,2288
1643,271500,2021,1.4274485,0.005690678,2215
1644,510129,2022,0.1906773,-0.05960804,416
1645,510129,2019,0.31514052,-0.05214505,389
1646,510129,2017,1.7261624,0.059296895,432
1647,510129,2020,0.22121596,-0.059051447,374
1648,510129,2018,1.6365967,0.053165533,419
1649,510129,2021,0.23987631,-0.056789953,434
1650,530390,2022,0.8424012,-0.017989924,688
1651,530390,2019,0.90436274,-0.0039110095,682
1652,530390,2017,0.68856514,-0.0150908185,658
1653,530390,2020,1.2954292,0.016875768,629
1654,530390,2018,1.2164216,0.012001642,651
1655,530390,2021,0.50828093,-0.025610477,693
